{
	"class_name" : "PoseGraph",
	"edges" : 
	[
		{
			"class_name" : "PoseGraphEdge",
			"confidence" : 1.0,
			"information" : 
			[
				13217.302216952003,
				-752.56500112633057,
				-2009.6289700606899,
				0.0,
				-6593.9017725857666,
				229.1196160900958,
				-752.56500112633057,
				15953.733269654384,
				-583.15098398511452,
				6593.9017725857666,
				0.0,
				-413.05156351929725,
				-2009.6289700606899,
				-583.15098398511452,
				4111.6021499240651,
				-229.1196160900958,
				413.05156351929725,
				0.0,
				0.0,
				6593.9017725857666,
				-229.1196160900958,
				3909.0,
				0.0,
				0.0,
				-6593.9017725857666,
				0.0,
				413.05156351929725,
				0.0,
				3909.0,
				0.0,
				229.1196160900958,
				-413.05156351929725,
				0.0,
				0.0,
				0.0,
				3909.0
			],
			"source_node_id" : 0,
			"target_node_id" : 1,
			"transformation" : 
			[
				0.99855722341992459,
				0.01907562201194651,
				-0.050195539649772282,
				0.0,
				-0.018425959921177269,
				0.99974078000741895,
				0.013373735122606874,
				0.0,
				0.050437640278443295,
				-0.012429538808975443,
				0.99864986407055889,
				0.0,
				0.92992777474395405,
				0.019072238431268609,
				-0.042406432817732334,
				1.0
			],
			"uncertain" : false,
			"version_major" : 1,
			"version_minor" : 0
		},
		{
			"class_name" : "PoseGraphEdge",
			"confidence" : 1.0,
			"information" : 
			[
				9235.4220217170059,
				129.72122199294387,
				869.63233290798837,
				0.0,
				-5414.0850913718004,
				-244.55652579041347,
				129.72122199294387,
				10781.894279360002,
				444.2839027023976,
				5414.0850913718004,
				0.0,
				366.2170835511364,
				869.63233290798837,
				444.2839027023976,
				3027.9872687902134,
				244.55652579041347,
				-366.2170835511364,
				0.0,
				0.0,
				5414.0850913718004,
				244.55652579041347,
				3727.0,
				0.0,
				0.0,
				-5414.0850913718004,
				0.0,
				-366.2170835511364,
				0.0,
				3727.0,
				0.0,
				-244.55652579041347,
				366.2170835511364,
				0.0,
				0.0,
				0.0,
				3727.0
			],
			"source_node_id" : 1,
			"target_node_id" : 2,
			"transformation" : 
			[
				0.99826477714231598,
				0.0072347756457277323,
				-0.058438794805640397,
				0.0,
				-0.0083542661423039819,
				0.99978581144456879,
				-0.0189350857222726,
				0.0,
				0.058289286787567222,
				0.019390442373557193,
				0.9981114014930117,
				0.0,
				0.92648327096471805,
				-0.023358585633498588,
				-0.034122244511081035,
				1.0
			],
			"uncertain" : false,
			"version_major" : 1,
			"version_minor" : 0
		},
		{
			"class_name" : "PoseGraphEdge",
			"confidence" : 1.0,
			"information" : 
			[
				15119.337553898686,
				939.05019107300348,
				3338.1038156150571,
				0.0,
				-7359.5151170182307,
				301.75748848874628,
				939.05019107300348,
				18586.72524879481,
				-689.64786963055485,
				7359.5151170182307,
				0.0,
				1112.2608635392796,
				3338.1038156150571,
				-689.64786963055485,
				5079.9610013224601,
				-301.75748848874628,
				-1112.2608635392796,
				0.0,
				0.0,
				7359.5151170182307,
				-301.75748848874628,
				4220.0,
				0.0,
				0.0,
				-7359.5151170182307,
				0.0,
				-1112.2608635392796,
				0.0,
				4220.0,
				0.0,
				301.75748848874628,
				1112.2608635392796,
				0.0,
				0.0,
				0.0,
				4220.0
			],
			"source_node_id" : 2,
			"target_node_id" : 3,
			"transformation" : 
			[
				0.99743432463909143,
				-0.0066112206229335399,
				-0.071281552968743986,
				0.0,
				0.0085963608988611721,
				0.99958267524207223,
				0.02757857746847794,
				0.0,
				0.071069477351795834,
				-0.028120581746528858,
				0.99707490303947299,
				0.0,
				0.90590328759393723,
				0.026582497119744298,
				-0.030718604619144912,
				1.0
			],
			"uncertain" : false,
			"version_major" : 1,
			"version_minor" : 0
		}
	],
	"nodes" : 
	[
		{
			"class_name" : "PoseGraphNode",
			"pose" : 
			[
				1.0,
				4.1586064796173991e-25,
				0.0,
				0.0,
				-4.0901412416532675e-25,
				1.0,
				-3.3087224502121107e-24,
				0.0,
				0.0,
				0.0,
				1.0,
				0.0,
				0.0,
				4.1359030627651384e-25,
				0.0,
				1.0
			],
			"version_major" : 1,
			"version_minor" : 0
		},
		{
			"class_name" : "PoseGraphNode",
			"pose" : 
			[
				0.99855721933464137,
				-0.018425967619808983,
				0.050437718346083543,
				0.0,
				0.019075633016008765,
				0.99974077924102278,
				-0.012429583565110484,
				0.0,
				-0.050195616738153703,
				0.01337378180759894,
				0.99864985957062624,
				0.0,
				-0.93107834462857741,
				-0.0013654167343798824,
				-0.0043171941827886409,
				1.0
			],
			"version_major" : 1,
			"version_minor" : 0
		},
		{
			"class_name" : "PoseGraphNode",
			"pose" : 
			[
				0.99373924643509126,
				-0.025966526410659784,
				0.10866484988633789,
				0.0,
				0.02532254903626821,
				0.99965266260225949,
				0.0073022368195534582,
				0.0,
				-0.10881672024538115,
				-0.0045048483245884027,
				0.99405162226949439,
				0.0,
				-1.8548822747690805,
				0.045888879155565748,
				-0.070903449787438289,
				1.0
			],
			"version_major" : 1,
			"version_minor" : 0
		},
		{
			"class_name" : "PoseGraphNode",
			"pose" : 
			[
				0.98367373872233921,
				-0.017626684089030994,
				0.1790957167440862,
				0.0,
				0.021802130039135149,
				0.99953383393220785,
				-0.021372457757629616,
				0.0,
				-0.17863550283694829,
				0.024928193534039383,
				0.98359948266219044,
				0.0,
				-2.7520621710025521,
				0.036052673909256545,
				-0.20236385313223018,
				1.0
			],
			"version_major" : 1,
			"version_minor" : 0
		}
	],
	"version_major" : 1,
	"version_minor" : 0
}