{
	"class_name" : "PoseGraph",
	"edges" : 
	[
		{
			"class_name" : "PoseGraphEdge",
			"confidence" : 1.0,
			"information" : 
			[
				13217.302216952003,
				-752.56500112633057,
				-2009.6289700606899,
				0.0,
				-6593.9017725857666,
				229.1196160900958,
				-752.56500112633057,
				15953.733269654384,
				-583.15098398511452,
				6593.9017725857666,
				0.0,
				-413.05156351929725,
				-2009.6289700606899,
				-583.15098398511452,
				4111.6021499240651,
				-229.1196160900958,
				413.05156351929725,
				0.0,
				0.0,
				6593.9017725857666,
				-229.1196160900958,
				3909.0,
				0.0,
				0.0,
				-6593.9017725857666,
				0.0,
				413.05156351929725,
				0.0,
				3909.0,
				0.0,
				229.1196160900958,
				-413.05156351929725,
				0.0,
				0.0,
				0.0,
				3909.0
			],
			"source_node_id" : 0,
			"target_node_id" : 1,
			"transformation" : 
			[
				0.99855722341992459,
				0.01907562201194651,
				-0.050195539649772282,
				0.0,
				-0.018425959921177269,
				0.99974078000741895,
				0.013373735122606874,
				0.0,
				0.050437640278443295,
				-0.012429538808975443,
				0.99864986407055889,
				0.0,
				0.92992777474395405,
				0.019072238431268609,
				-0.042406432817732334,
				1.0
			],
			"uncertain" : false,
			"version_major" : 1,
			"version_minor" : 0
		},
		{
			"class_name" : "PoseGraphEdge",
			"confidence" : 1.0,
			"information" : 
			[
				4586.3952815521652,
				462.95683822007027,
				1166.2843058951944,
				0.0,
				-2881.6001468840946,
				235.71951259793738,
				462.95683822007027,
				6955.0480276964345,
				-399.847820289607,
				2881.6001468840946,
				0.0,
				624.33417103633894,
				1166.2843058951944,
				-399.847820289607,
				3052.3383194402772,
				-235.71951259793738,
				-624.33417103633894,
				0.0,
				0.0,
				2881.6001468840946,
				-235.71951259793738,
				2027.0,
				0.0,
				0.0,
				-2881.6001468840946,
				0.0,
				-624.33417103633894,
				0.0,
				2027.0,
				0.0,
				235.71951259793738,
				624.33417103633894,
				0.0,
				0.0,
				0.0,
				2027.0
			],
			"source_node_id" : 0,
			"target_node_id" : 3,
			"transformation" : 
			[
				-0.92451352744401394,
				-0.05936584088577701,
				0.3764975889815918,
				0.0,
				0.054756227801636366,
				0.95686251508823372,
				0.28533468547646895,
				0.0,
				-0.37719556345477134,
				0.28441136432102149,
				-0.88138168959599639,
				0.0,
				-0.30226798869114935,
				-0.48558659624438849,
				2.9895545943386153,
				1.0
			],
			"uncertain" : true,
			"version_major" : 1,
			"version_minor" : 0
		},
		{
			"class_name" : "PoseGraphEdge",
			"confidence" : 1.0,
			"information" : 
			[
				9235.4220217170059,
				129.72122199294387,
				869.63233290798837,
				0.0,
				-5414.0850913718004,
				-244.55652579041347,
				129.72122199294387,
				10781.894279360002,
				444.2839027023976,
				5414.0850913718004,
				0.0,
				366.2170835511364,
				869.63233290798837,
				444.2839027023976,
				3027.9872687902134,
				244.55652579041347,
				-366.2170835511364,
				0.0,
				0.0,
				5414.0850913718004,
				244.55652579041347,
				3727.0,
				0.0,
				0.0,
				-5414.0850913718004,
				0.0,
				-366.2170835511364,
				0.0,
				3727.0,
				0.0,
				-244.55652579041347,
				366.2170835511364,
				0.0,
				0.0,
				0.0,
				3727.0
			],
			"source_node_id" : 1,
			"target_node_id" : 2,
			"transformation" : 
			[
				0.99826477714231598,
				0.0072347756457277323,
				-0.058438794805640397,
				0.0,
				-0.0083542661423039819,
				0.99978581144456879,
				-0.0189350857222726,
				0.0,
				0.058289286787567222,
				0.019390442373557193,
				0.9981114014930117,
				0.0,
				0.92648327096471805,
				-0.023358585633498588,
				-0.034122244511081035,
				1.0
			],
			"uncertain" : false,
			"version_major" : 1,
			"version_minor" : 0
		},
		{
			"class_name" : "PoseGraphEdge",
			"confidence" : 1.0,
			"information" : 
			[
				7755.8343629188867,
				139.65924368265652,
				-525.59567384833792,
				0.0,
				-4524.4846884713197,
				-99.356392291738644,
				139.65924368265652,
				7899.7186528202701,
				235.69269316405908,
				4524.4846884713197,
				0.0,
				-444.83606850192058,
				-525.59567384833792,
				235.69269316405908,
				1318.1509913949965,
				99.356392291738644,
				444.83606850192058,
				0.0,
				0.0,
				4524.4846884713197,
				99.356392291738644,
				3088.0,
				0.0,
				0.0,
				-4524.4846884713197,
				0.0,
				444.83606850192058,
				0.0,
				3088.0,
				0.0,
				-99.356392291738644,
				-444.83606850192058,
				0.0,
				0.0,
				0.0,
				3088.0
			],
			"source_node_id" : 1,
			"target_node_id" : 3,
			"transformation" : 
			[
				0.99151351155261491,
				-0.080062645574408786,
				-0.10242523708651646,
				0.0,
				0.082326834519212924,
				0.99644162464122632,
				0.018066017834592892,
				0.0,
				0.10061435646391953,
				-0.026345046327161808,
				0.99457663847858946,
				0.0,
				0.80162492181688139,
				-0.046598864919186939,
				-0.07485061769857726,
				1.0
			],
			"uncertain" : true,
			"version_major" : 1,
			"version_minor" : 0
		},
		{
			"class_name" : "PoseGraphEdge",
			"confidence" : 1.0,
			"information" : 
			[
				15119.337553898686,
				939.05019107300348,
				3338.1038156150571,
				0.0,
				-7359.5151170182307,
				301.75748848874628,
				939.05019107300348,
				18586.72524879481,
				-689.64786963055485,
				7359.5151170182307,
				0.0,
				1112.2608635392796,
				3338.1038156150571,
				-689.64786963055485,
				5079.9610013224601,
				-301.75748848874628,
				-1112.2608635392796,
				0.0,
				0.0,
				7359.5151170182307,
				-301.75748848874628,
				4220.0,
				0.0,
				0.0,
				-7359.5151170182307,
				0.0,
				-1112.2608635392796,
				0.0,
				4220.0,
				0.0,
				301.75748848874628,
				1112.2608635392796,
				0.0,
				0.0,
				0.0,
				4220.0
			],
			"source_node_id" : 2,
			"target_node_id" : 3,
			"transformation" : 
			[
				0.99743432463909143,
				-0.0066112206229335399,
				-0.071281552968743986,
				0.0,
				0.0085963608988611721,
				0.99958267524207223,
				0.02757857746847794,
				0.0,
				0.071069477351795834,
				-0.028120581746528858,
				0.99707490303947299,
				0.0,
				0.90590328759393723,
				0.026582497119744298,
				-0.030718604619144912,
				1.0
			],
			"uncertain" : false,
			"version_major" : 1,
			"version_minor" : 0
		}
	],
	"nodes" : 
	[
		{
			"class_name" : "PoseGraphNode",
			"pose" : 
			[
				1.0,
				0.0,
				0.0,
				0.0,
				0.0,
				1.0,
				0.0,
				0.0,
				0.0,
				0.0,
				1.0,
				0.0,
				0.0,
				0.0,
				0.0,
				1.0
			],
			"version_major" : 1,
			"version_minor" : 0
		},
		{
			"class_name" : "PoseGraphNode",
			"pose" : 
			[
				0.99855722341994091,
				-0.018425959921177619,
				0.050437640278443913,
				0.0,
				0.019075622011946666,
				0.99974078000743005,
				-0.012429538808975399,
				0.0,
				-0.050195539649772122,
				0.01337373512260696,
				0.99864986407055156,
				0.0,
				-0.93107852532055158,
				-0.0013653502187431963,
				-0.0043171250905685117,
				1.0
			],
			"version_major" : 1,
			"version_minor" : 0
		},
		{
			"class_name" : "PoseGraphNode",
			"pose" : 
			[
				0.99373927907195936,
				-0.025966541841862104,
				0.10866454773455736,
				0.0,
				0.025322559993900734,
				0.99965266192812074,
				0.0073022911081219478,
				0.0,
				-0.10881641964766291,
				-0.0045049089721405514,
				0.99405165490039771,
				0.0,
				-1.8548829043732222,
				0.045888971104502692,
				-0.070903165896257003,
				1.0
			],
			"version_major" : 1,
			"version_minor" : 0
		},
		{
			"class_name" : "PoseGraphNode",
			"pose" : 
			[
				0.98367382248141366,
				-0.017626706595976448,
				0.17909525448604396,
				0.0,
				0.021802143671128479,
				0.99953383332092627,
				-0.021372472439610515,
				0.0,
				-0.17863503994509369,
				0.024928202129672311,
				0.98359956651190406,
				0.0,
				-2.7520632286637703,
				0.036052716898998527,
				-0.20236320585332782,
				1.0
			],
			"version_major" : 1,
			"version_minor" : 0
		}
	],
	"version_major" : 1,