{
	"class_name" : "PoseGraph",
	"edges" : 
	[
		{
			"class_name" : "PoseGraphEdge",
			"confidence" : 1.0,
			"information" : 
			[
				200308.04001347022,
				-11957.531817343122,
				-33844.703480525415,
				0.0,
				-98958.376593594963,
				5299.3026239403616,
				-11957.531817343122,
				244263.05305847098,
				-12672.182796135974,
				98958.376593594963,
				0.0,
				-6772.78576882573,
				-33844.703480525415,
				-12672.182796135974,
				63559.777556313646,
				-5299.3026239403616,
				6772.78576882573,
				0.0,
				0.0,
				98958.376593594963,
				-5299.3026239403616,
				58381.0,
				0.0,
				0.0,
				-98958.376593594963,
				0.0,
				6772.78576882573,
				0.0,
				58381.0,
				0.0,
				5299.3026239403616,
				-6772.78576882573,
				0.0,
				0.0,
				0.0,
				58381.0
			],
			"source_node_id" : 0,
			"target_node_id" : 1,
			"transformation" : 
			[
				0.99900014402001802,
				0.018344970273013052,
				-0.040769772057848749,
				0.0,
				-0.017855765018875282,
				0.99976452930203197,
				0.012331163978576547,
				0.0,
				0.040986386807784658,
				-0.011590859120794529,
				0.99909247223732622,
				0.0,
				0.94329813796583906,
				0.01696440783961746,
				-0.019986133039626233,
				1.0
			],
			"uncertain" : false,
			"version_major" : 1,
			"version_minor" : 0
		},
		{
			"class_name" : "PoseGraphEdge",
			"confidence" : 1.0,
			"information" : 
			[
				119987.71592100969,
				261.12615487253788,
				3990.7404048890835,
				0.0,
				-74244.855572673638,
				-4447.9029584033187,
				261.12615487253788,
				133761.77135636061,
				8178.3893200167167,
				74244.855572673638,
				0.0,
				2183.6694950342512,
				3990.7404048890835,
				8178.3893200167167,
				34711.381341414621,
				4447.9029584033187,
				-2183.6694950342512,
				0.0,
				0.0,
				74244.855572673638,
				4447.9029584033187,
				53605.0,
				0.0,
				0.0,
				-74244.855572673638,
				0.0,
				-2183.6694950342512,
				0.0,
				53605.0,
				0.0,
				-4447.9029584033187,
				2183.6694950342512,
				0.0,
				0.0,
				0.0,
				53605.0
			],
			"source_node_id" : 1,
			"target_node_id" : 2,
			"transformation" : 
			[
				0.99805461543872054,
				0.015040177000256201,
				-0.060504360811811805,
				0.0,
				-0.015694091370752037,
				0.99982330154204535,
				-0.010347037719646388,
				0.0,
				0.060338048505825706,
				0.011276469719121199,
				0.99811430263931811,
				0.0,
				0.91999235529042978,
				-0.0066915229231968125,
				-0.037596502053875325,
				1.0
			],
			"uncertain" : false,
			"version_major" : 1,
			"version_minor" : 0
		},
		{
			"class_name" : "PoseGraphEdge",
			"confidence" : 1.0,
			"information" : 
			[
				194439.22630254593,
				10020.323363558993,
				31458.416020750003,
				0.0,
				-98606.102640247249,
				4441.4909780350454,
				10020.323363558993,
				227201.23812994247,
				-9135.2206669511925,
				98606.102640247249,
				0.0,
				9890.7460354503401,
				31458.416020750003,
				-9135.2206669511925,
				54404.721030329121,
				-4441.4909780350454,
				-9890.7460354503401,
				0.0,
				0.0,
				98606.102640247249,
				-4441.4909780350454,
				58991.0,
				0.0,
				0.0,
				-98606.102640247249,
				0.0,
				-9890.7460354503401,
				0.0,
				58991.0,
				0.0,
				4441.4909780350454,
				9890.7460354503401,
				0.0,
				0.0,
				0.0,
				58991.0
			],
			"source_node_id" : 2,
			"target_node_id" : 3,
			"transformation" : 
			[
				0.99822909287575212,
				-0.0016652976184863301,
				-0.059463475514787985,
				0.0,
				0.0035952424865015402,
				0.99946969029264177,
				0.032363751602384645,
				0.0,
				0.059378046178020477,
				-0.032520224017670497,
				0.99770570944638626,
				0.0,
				0.91732496599887958,
				0.039356329852213198,
				-0.016446198841878003,
				1.0
			],
			"uncertain" : false,
			"version_major" : 1,
			"version_minor" : 0
		}
	],
	"nodes" : 
	[
		{
			"class_name" : "PoseGraphNode",
			"pose" : 
			[
				1.0,
				0.0,
				0.0,
				0.0,
				0.0,
				1.0,
				0.0,
				0.0,
				0.0,
				0.0,
				1.0,
				0.0,
				0.0,
				0.0,
				0.0,
				1.0
			],
			"version_major" : 1,
			"version_minor" : 0
		},
		{
			"class_name" : "PoseGraphNode",
			"pose" : 
			[
				0.99900014402003456,
				-0.017855765018875609,
				0.040986386807785317,
				0.0,
				0.018344970273013208,
				0.99976452930204252,
				-0.011590859120794482,
				0.0,
				-0.04076977205784843,
				0.012331163978576616,
				0.99909247223731823,
				0.0,
				-0.94348101732756395,
				0.00012934895940717512,
				-0.018497755227370696,
				1.0
			],
			"version_major" : 1,
			"version_minor" : 0
		},
		{
			"class_name" : "PoseGraphNode",
			"pose" : 
			[
				0.9943088284395083,
				-0.032767386191109291,
				0.10137185057743714,
				0.0,
				0.03290712863433301,
				0.99945837058228315,
				0.00029386748811455465,
				0.0,
				-0.10132657387050506,
				0.003043661489028232,
				0.99484856212008843,
				0.0,
				-1.8618268642267368,
				0.037077423381032745,
				-0.074354290370180695,
				1.0
			],
			"version_major" : 1,
			"version_minor" : 0
		},
		{
			"class_name" : "PoseGraphNode",
			"pose" : 
			[
				0.98664973497615083,
				-0.028935336323607626,
				0.16026555083163407,
				0.0,
				0.034529020421748893,
				0.99888393500300698,
				-0.032227800757818038,
				0.0,
				-0.15915416180622496,
				0.037331363554133724,
				0.98654767856143377,
				0.0,
				-2.7708817153253076,
				0.024922083188246957,
				-0.20387655409195049,
				1.0
			],
			"version_major" : 1,
			"version_minor" : 0
		}
	],
	"version_major" : 1,
	"version_minor" : 0
}